{
  "accuracy": 0.8848,
  "precision": 0.8852,
  "recall": 0.8842,
  "f1_score": 0.8847,
  "support": 25000,
  "model": "TF-IDF + Logistic Regression",
  "dataset": "IMDB",
  "classification_report": {
    "negative": {
      "precision": 0.8843695061531085,
      "recall": 0.88536,
      "f1-score": 0.8848644758934996,
      "support": 12500.0
    },
    "positive": {
      "precision": 0.8852314592343424,
      "recall": 0.88424,
      "f1-score": 0.8847354518530377,
      "support": 12500.0
    },
    "accuracy": 0.8848,
    "macro avg": {
      "precision": 0.8848004826937255,
      "recall": 0.8848,
      "f1-score": 0.8847999638732686,
      "support": 25000.0
    },
    "weighted avg": {
      "precision": 0.8848004826937255,
      "recall": 0.8848,
      "f1-score": 0.8847999638732685,
      "support": 25000.0
    }
  }
}